{
  "Media Maestro": {
    "hidden": true,
    "yaml_option": [ "media_maestro" ]
  },
  "Cursed-Quests": {
    "hidden": true,
    "yaml_option": [ "cursed_quests" ]
  },
  "Sunny Meadows-Restricted": {
    "hidden": true,
    "yaml_option": [ "include_smrestricted" ]
  },
  "Cursed-Possession": {
    "hidden": true,
    "yaml_option": [ "cursed_possession_items" ]
  },
  "Easter Egg": {
    "hidden": true,
    "yaml_option": [ "include_eastereggs" ]
  },
  "Cursed Possessions": {
    "yaml_option": [ "cursed_possession_items" ]
  }
}