[
  {
    "name": "6 Tanglewood Drive - Main Objective",
    "region": "6 Tanglewood Drive",
    "category": [
      "6 Tanglewood Drive"
    ],
    "requires": []
  },
  {
    "name": "6 Tanglewood Drive - Optional Objective #1",
    "region": "6 Tanglewood Drive",
    "category": [
      "6 Tanglewood Drive"
    ],
    "requires": []
  },
  {
    "name": "6 Tanglewood Drive - Optional Objective #2",
    "region": "6 Tanglewood Drive",
    "category": [
      "6 Tanglewood Drive"
    ],
    "requires": "{hasEquipment(1)}"
  },
  {
    "name": "6 Tanglewood Drive - Optional Objective #3",
    "region": "6 Tanglewood Drive",
    "category": [
      "6 Tanglewood Drive"
    ],
    "requires": "{hasEquipment(2)}"
  },
  {
    "name": "6 Tanglewood Drive - Bone",
    "region": "6 Tanglewood Drive",
    "category": [
      "6 Tanglewood Drive"
    ],
    "requires": []
  },
  {
    "name": "6 Tanglewood Drive - Ghost Photo",
    "region": "6 Tanglewood Drive",
    "category": [
      "6 Tanglewood Drive"
    ],
    "requires": "|+1 Photo Camera|"
  },
  {
    "name": "6 Tanglewood Drive - Ghost Voice Sound Recording",
    "region": "6 Tanglewood Drive",
    "category": [
      "6 Tanglewood Drive"
    ],
    "requires": "|+1 Sound Recorder|"
  },
  {
    "name": "6 Tanglewood Drive - Use Cursed Object",
    "region": "6 Tanglewood Drive",
    "category": [
      "6 Tanglewood Drive"
    ],
    "requires": "({YamlDisabled(cursed_possession_items)} OR (|Ouija Board| OR (|Summoning Circle| AND |+1 Igniter|) OR |Music Box| OR |Cursed Mirror| OR |Voodoo Doll| OR |Monkey's Paw| OR |Tarot Cards|))"
  },
  {
    "region": "6 Tanglewood Drive",
    "name": "6 Tanglewood Drive - 75$ Media Reward",
    "category": [
      "6 Tanglewood Drive"
    ],
    "requires": "|+1 Photo Camera| AND |+1 Sound Recorder|"
  },
  {
    "name": "6 Tanglewood Drive - Perfect Investigation",
    "region": "6 Tanglewood Drive",
    "category": [
      "6 Tanglewood Drive"
    ],
    "requires": "|+1 Photo Camera| AND |+1 Sound Recorder|"
  },
  {
    "name": "42 Edgefield Road - Main Objective",
    "region": "42 Edgefield Road",
    "category": [
      "42 Edgefield Road"
    ],
    "requires": []
  },
  {
    "name": "42 Edgefield Road - Optional Objective #1",
    "region": "42 Edgefield Road",
    "category": [
      "42 Edgefield Road"
    ],
    "requires": []
  },
  {
    "name": "42 Edgefield Road - Optional Objective #2",
    "region": "42 Edgefield Road",
    "category": [
      "42 Edgefield Road"
    ],
    "requires": "{hasEquipment(1)}"
  },
  {
    "name": "42 Edgefield Road - Optional Objective #3",
    "region": "42 Edgefield Road",
    "category": [
      "42 Edgefield Road"
    ],
    "requires": "{hasEquipment(2)}"
  },
  {
    "name": "42 Edgefield Road - Bone",
    "region": "42 Edgefield Road",
    "category": [
      "42 Edgefield Road"
    ],
    "requires": []
  },
  {
    "name": "42 Edgefield Road - Ghost Photo",
    "region": "42 Edgefield Road",
    "category": [
      "42 Edgefield Road"
    ],
    "requires": "|+1 Photo Camera|"
  },
  {
    "name": "42 Edgefield Road - Ghost Voice Sound Recording",
    "region": "42 Edgefield Road",
    "category": [
      "42 Edgefield Road"
    ],
    "requires": "|+1 Sound Recorder|"
  },
  {
    "name": "42 Edgefield Road - Use Cursed Object",
    "region": "42 Edgefield Road",
    "category": [
      "42 Edgefield Road"
    ],
    "requires": "({YamlDisabled(cursed_possession_items)} OR (|Ouija Board| OR (|Summoning Circle| AND |+1 Igniter|) OR |Music Box| OR |Cursed Mirror| OR |Voodoo Doll| OR |Monkey's Paw| OR |Tarot Cards|))"
  },
  {
    "name": "42 Edgefield Road - 75$ Media Reward",
    "region": "42 Edgefield Road",
    "category": [
      "42 Edgefield Road"
    ],
    "requires": "|+1 Photo Camera| AND |+1 Sound Recorder|"
  },
  {
    "name": "42 Edgefield Road - Perfect Investigation",
    "region": "42 Edgefield Road",
    "category": [
      "42 Edgefield Road"
    ],
    "requires": "|+1 Photo Camera| AND |+1 Sound Recorder|"
  },
  {
    "name": "10 Ridgeview Court - Main Objective",
    "region": "10 Ridgeview Court",
    "category": [
      "10 Ridgeview Court"
    ],
    "requires": []
  },
  {
    "name": "10 Ridgeview Court - Optional Objective #1",
    "region": "10 Ridgeview Court",
    "category": [
      "10 Ridgeview Court"
    ],
    "requires": []
  },
  {
    "name": "10 Ridgeview Court - Optional Objective #2",
    "region": "10 Ridgeview Court",
    "category": [
      "10 Ridgeview Court"
    ],
    "requires": "{hasEquipment(1)}"
  },
  {
    "name": "10 Ridgeview Court - Optional Objective #3",
    "region": "10 Ridgeview Court",
    "category": [
      "10 Ridgeview Court"
    ],
    "requires": "{hasEquipment(2)}"
  },
  {
    "name": "10 Ridgeview Court - Bone",
    "region": "10 Ridgeview Court",
    "category": [
      "10 Ridgeview Court"
    ],
    "requires": []
  },
  {
    "name": "10 Ridgeview Court - Ghost Photo",
    "region": "10 Ridgeview Court",
    "category": [
      "10 Ridgeview Court"
    ],
    "requires": "|+1 Photo Camera|"
  },
  {
    "name": "10 Ridgeview Court - Ghost Voice Sound Recording",
    "region": "10 Ridgeview Court",
    "category": [
      "10 Ridgeview Court"
    ],
    "requires": "|+1 Sound Recorder|"
  },
  {
    "name": "10 Ridgeview Court - Use Cursed Object",
    "region": "10 Ridgeview Court",
    "category": [
      "10 Ridgeview Court"
    ],
    "requires": "({YamlDisabled(cursed_possession_items)} OR (|Ouija Board| OR (|Summoning Circle| AND |+1 Igniter|) OR |Music Box| OR |Cursed Mirror| OR |Voodoo Doll| OR |Monkey's Paw| OR |Tarot Cards|))"
  },
  {
    "region": "10 Ridgeview Court",
    "name": "10 Ridgeview Court - 75$ Media Reward",
    "category": [
      "10 Ridgeview Court"
    ],
    "requires": "|+1 Photo Camera| AND |+1 Sound Recorder|"
  },
  {
    "name": "10 Ridgeview Court - Perfect Investigation",
    "region": "10 Ridgeview Court",
    "category": [
      "10 Ridgeview Court"
    ],
    "requires": "|+1 Photo Camera| AND |+1 Sound Recorder|"
  },
  {
    "name": "13 Willow Street - Main Objective",
    "region": "13 Willow Street",
    "category": [
      "13 Willow Street"
    ],
    "requires": []
  },
  {
    "name": "13 Willow Street - Optional Objective #1",
    "region": "13 Willow Street",
    "category": [
      "13 Willow Street"
    ],
    "requires": []
  },
  {
    "name": "13 Willow Street - Optional Objective #2",
    "region": "13 Willow Street",
    "category": [
      "13 Willow Street"
    ],
    "requires": "{hasEquipment(1)}"
  },
  {
    "name": "13 Willow Street - Optional Objective #3",
    "region": "13 Willow Street",
    "category": [
      "13 Willow Street"
    ],
    "requires": "{hasEquipment(2)}"
  },
  {
    "name": "13 Willow Street - Bone",
    "region": "13 Willow Street",
    "category": [
      "13 Willow Street"
    ],
    "requires": []
  },
  {
    "name": "13 Willow Street - Ghost Photo",
    "region": "13 Willow Street",
    "category": [
      "13 Willow Street"
    ],
    "requires": "|+1 Photo Camera|"
  },
  {
    "name": "13 Willow Street - Ghost Voice Sound Recording",
    "region": "13 Willow Street",
    "category": [
      "13 Willow Street"
    ],
    "requires": "|+1 Sound Recorder|"
  },
  {
    "name": "13 Willow Street - Use Cursed Object",
    "region": "13 Willow Street",
    "category": [
      "13 Willow Street"
    ],
    "requires": "({YamlDisabled(cursed_possession_items)} OR (|Ouija Board| OR (|Summoning Circle| AND |+1 Igniter|) OR |Music Box| OR |Cursed Mirror| OR |Voodoo Doll| OR |Monkey's Paw| OR |Tarot Cards|))"
  },
  {
    "region": "13 Willow Street",
    "name": "13 Willow Street - 75$ Media Reward",
    "category": [
      "13 Willow Street"
    ],
    "requires": "|+1 Photo Camera| AND |+1 Sound Recorder|"
  },
  {
    "name": "13 Willow Street - Perfect Investigation",
    "region": "13 Willow Street",
    "category": [
      "13 Willow Street"
    ],
    "requires": "|+1 Photo Camera| AND |+1 Sound Recorder|"
  },
  {
    "name": "Grafton Farmhouse - Main Objective",
    "region": "Grafton Farmhouse",
    "category": [
      "Grafton Farmhouse"
    ],
    "requires": []
  },
  {
    "name": "Grafton Farmhouse - Optional Objective #1",
    "region": "Grafton Farmhouse",
    "category": [
      "Grafton Farmhouse"
    ],
    "requires": []
  },
  {
    "name": "Grafton Farmhouse - Optional Objective #2",
    "region": "Grafton Farmhouse",
    "category": [
      "Grafton Farmhouse"
    ],
    "requires": "{hasEquipment(1)}"
  },
  {
    "name": "Grafton Farmhouse - Optional Objective #3",
    "region": "Grafton Farmhouse",
    "category": [
      "Grafton Farmhouse"
    ],
    "requires": "{hasEquipment(2)}"
  },
  {
    "name": "Grafton Farmhouse - Bone",
    "region": "Grafton Farmhouse",
    "category": [
      "Grafton Farmhouse"
    ],
    "requires": []
  },
  {
    "name": "Grafton Farmhouse - Ghost Photo",
    "region": "Grafton Farmhouse",
    "category": [
      "Grafton Farmhouse"
    ],
    "requires": "|+1 Photo Camera|"
  },
  {
    "name": "Grafton Farmhouse - Ghost Voice Sound Recording",
    "region": "Grafton Farmhouse",
    "category": [
      "Grafton Farmhouse"
    ],
    "requires": "|+1 Sound Recorder|"
  },
  {
    "name": "Grafton Farmhouse - Use Cursed Object",
    "region": "Grafton Farmhouse",
    "category": [
      "Grafton Farmhouse"
    ],
    "requires": "({YamlDisabled(cursed_possession_items)} OR (|Ouija Board| OR (|Summoning Circle| AND |+1 Igniter|) OR |Music Box| OR |Cursed Mirror| OR |Voodoo Doll| OR |Monkey's Paw| OR |Tarot Cards|))"
  },
  {
    "region": "Grafton Farmhouse",
    "name": "Grafton Farmhouse - 75$ Media Reward",
    "category": [
      "Grafton Farmhouse"
    ],
    "requires": "|+1 Photo Camera| AND |+1 Sound Recorder|"
  },
  {
    "name": "Grafton Farmhouse - Perfect Investigation",
    "region": "Grafton Farmhouse",
    "category": [
      "Grafton Farmhouse"
    ],
    "requires": "|+1 Photo Camera| AND |+1 Sound Recorder|"
  },
  {
    "name": "Camp Woodwind - Main Objective",
    "region": "Camp Woodwind",
    "category": [
      "Camp Woodwind"
    ],
    "requires": []
  },
  {
    "name": "Camp Woodwind - Optional Objective #1",
    "region": "Camp Woodwind",
    "category": [
      "Camp Woodwind"
    ],
    "requires": []
  },
  {
    "name": "Camp Woodwind - Optional Objective #2",
    "region": "Camp Woodwind",
    "category": [
      "Camp Woodwind"
    ],
    "requires": "{hasEquipment(1)}"
  },
  {
    "name": "Camp Woodwind - Optional Objective #3",
    "region": "Camp Woodwind",
    "category": [
      "Camp Woodwind"
    ],
    "requires": "{hasEquipment(2)}"
  },
  {
    "name": "Camp Woodwind - Bone",
    "region": "Camp Woodwind",
    "category": [
      "Camp Woodwind"
    ],
    "requires": []
  },
  {
    "name": "Camp Woodwind - Ghost Photo",
    "region": "Camp Woodwind",
    "category": [
      "Camp Woodwind"
    ],
    "requires": "|+1 Photo Camera|"
  },
  {
    "name": "Camp Woodwind - Ghost Voice Sound Recording",
    "region": "Camp Woodwind",
    "category": [
      "Camp Woodwind"
    ],
    "requires": "|+1 Sound Recorder|"
  },
  {
    "name": "Camp Woodwind - Use Cursed Object",
    "region": "Camp Woodwind",
    "category": [
      "Camp Woodwind"
    ],
    "requires": "({YamlDisabled(cursed_possession_items)} OR (|Ouija Board| OR (|Summoning Circle| AND |+1 Igniter|) OR |Music Box| OR |Cursed Mirror| OR |Voodoo Doll| OR |Monkey's Paw| OR |Tarot Cards|))"
  },
  {
    "region": "Camp Woodwind",
    "name": "Camp Woodwind - 75$ Media Reward",
    "category": [
      "Camp Woodwind"
    ],
    "requires": "|+1 Photo Camera| AND |+1 Sound Recorder|"
  },
  {
    "name": "Camp Woodwind - Perfect Investigation",
    "region": "Camp Woodwind",
    "category": [
      "Camp Woodwind"
    ],
    "requires": "|+1 Photo Camera| AND |+1 Sound Recorder|"
  },
  {
    "name": "Point Hope - Main Objective",
    "region": "Point Hope",
    "category": [
      "Point Hope"
    ],
    "requires": []
  },
  {
    "name": "Point Hope - Optional Objective #1",
    "region": "Point Hope",
    "category": [
      "Point Hope"
    ],
    "requires": []
  },
  {
    "name": "Point Hope - Optional Objective #2",
    "region": "Point Hope",
    "category": [
      "Point Hope"
    ],
    "requires": "{hasEquipment(1)}"
  },
  {
    "name": "Point Hope - Optional Objective #3",
    "region": "Point Hope",
    "category": [
      "Point Hope"
    ],
    "requires": "{hasEquipment(2)}"
  },
  {
    "name": "Point Hope - Bone",
    "region": "Point Hope",
    "category": [
      "Point Hope"
    ],
    "requires": []
  },
  {
    "name": "Point Hope - Ghost Photo",
    "region": "Point Hope",
    "category": [
      "Point Hope"
    ],
    "requires": "|+1 Photo Camera|"
  },
  {
    "name": "Point Hope - Ghost Voice Sound Recording",
    "region": "Point Hope",
    "category": [
      "Point Hope"
    ],
    "requires": "|+1 Sound Recorder|"
  },
  {
    "name": "Point Hope - Use Cursed Object",
    "region": "Point Hope",
    "category": [
      "Point Hope"
    ],
    "requires": "({YamlDisabled(cursed_possession_items)} OR (|Ouija Board| OR (|Summoning Circle| AND |+1 Igniter|) OR |Music Box| OR |Cursed Mirror| OR |Voodoo Doll| OR |Monkey's Paw| OR |Tarot Cards|))"
  },
  {
    "region": "Point Hope",
    "name": "Point Hope - 60$ Media Reward",
    "category": [
      "Point Hope"
    ],
    "requires": "|+1 Photo Camera| AND |+1 Sound Recorder|"
  },
  {
    "name": "Point Hope - Perfect Investigation",
    "region": "Point Hope",
    "category": [
      "Point Hope"
    ],
    "requires": "|+1 Photo Camera| AND |+1 Sound Recorder|"
  },
  {
    "name": "Nell's Diner - Main Objective",
    "region": "Nell's Diner",
    "category": [
      "Nell's Diner"
    ],
    "requires": []
  },
  {
    "name": "Nell's Diner - Optional Objective #1",
    "region": "Nell's Diner",
    "category": [
      "Nell's Diner"
    ],
    "requires": []
  },
  {
    "name": "Nell's Diner - Optional Objective #2",
    "region": "Nell's Diner",
    "category": [
      "Nell's Diner"
    ],
    "requires": "{hasEquipment(1)}"
  },
  {
    "name": "Nell's Diner - Optional Objective #3",
    "region": "Nell's Diner",
    "category": [
      "Nell's Diner"
    ],
    "requires": "{hasEquipment(2)}"
  },
  {
    "name": "Nell's Diner - Bone",
    "region": "Nell's Diner",
    "category": [
      "Nell's Diner"
    ],
    "requires": []
  },
  {
    "name": "Nell's Diner - Ghost Photo",
    "region": "Nell's Diner",
    "category": [
      "Nell's Diner"
    ],
    "requires": "|+1 Photo Camera|"
  },
  {
    "name": "Nell's Diner - Ghost Voice Sound Recording",
    "region": "Nell's Diner",
    "category": [
      "Nell's Diner"
    ],
    "requires": "|+1 Sound Recorder|"
  },
  {
    "name": "Nell's Diner - Use Cursed Object",
    "region": "Nell's Diner",
    "category": [
      "Nell's Diner"
    ],
    "requires": "({YamlDisabled(cursed_possession_items)} OR (|Ouija Board| OR (|Summoning Circle| AND |+1 Igniter|) OR |Music Box| OR |Cursed Mirror| OR |Voodoo Doll| OR |Monkey's Paw| OR |Tarot Cards|))"
  },
  {
    "region": "Nell's Diner",
    "name": "Nell's Diner - 75$ Media Reward",
    "category": [
      "Nell's Diner"
    ],
    "requires": "|+1 Photo Camera| AND |+1 Sound Recorder|"
  },
  {
    "name": "Nell's Diner - Perfect Investigation",
    "region": "Nell's Diner",
    "category": [
      "Nell's Diner"
    ],
    "requires": "|+1 Photo Camera| AND |+1 Sound Recorder|"
  },
  {
    "name": "Bleasdale Farmhouse - Main Objective",
    "region": "Bleasdale Farmhouse",
    "category": [
      "Bleasdale Farmhouse"
    ],
    "requires": "({YamlDisabled(paramic_logic_med)} OR |+1 Parabolic Microphone|)"
  },
  {
    "name": "Bleasdale Farmhouse - Optional Objective #1",
    "region": "Bleasdale Farmhouse",
    "category": [
      "Bleasdale Farmhouse"
    ],
    "requires": "({YamlDisabled(paramic_logic_med)} OR |+1 Parabolic Microphone|)"
  },
  {
    "name": "Bleasdale Farmhouse - Optional Objective #2",
    "region": "Bleasdale Farmhouse",
    "category": [
      "Bleasdale Farmhouse"
    ],
    "requires": "({YamlDisabled(paramic_logic_med)} OR |+1 Parabolic Microphone|) AND {hasEquipment(1)}"
  },
  {
    "name": "Bleasdale Farmhouse - Optional Objective #3",
    "region": "Bleasdale Farmhouse",
    "category": [
      "Bleasdale Farmhouse"
    ],
    "requires": "({YamlDisabled(paramic_logic_med)} OR |+1 Parabolic Microphone|) AND {hasEquipment(2)}"
  },
  {
    "name": "Bleasdale Farmhouse - Bone",
    "region": "Bleasdale Farmhouse",
    "category": [
      "Bleasdale Farmhouse"
    ],
    "requires": []
  },
  {
    "name": "Bleasdale Farmhouse - Ghost Photo",
    "region": "Bleasdale Farmhouse",
    "category": [
      "Bleasdale Farmhouse"
    ],
    "requires": "|+1 Photo Camera| AND ({YamlDisabled(paramic_logic_med)} OR |+1 Parabolic Microphone|)"
  },
  {
    "name": "Bleasdale Farmhouse - Ghost Voice Recording",
    "region": "Bleasdale Farmhouse",
    "category": [
      "Bleasdale Farmhouse"
    ],
    "requires": "|+1 Sound Recorder| AND ({YamlDisabled(paramic_logic_med)} OR |+1 Parabolic Microphone|)"
  },
  {
    "name": "Bleasdale Farmhouse - Use Cursed Object",
    "region": "Bleasdale Farmhouse",
    "category": [
      "Bleasdale Farmhouse"
    ],
    "requires": "({YamlDisabled(cursed_possession_items)} OR (|Ouija Board| OR (|Summoning Circle| AND |+1 Igniter|) OR |Music Box| OR |Cursed Mirror| OR |Voodoo Doll| OR |Monkey's Paw| OR |Tarot Cards|))"
  },
  {
    "region": "Bleasdale Farmhouse",
    "name": "Bleasdale Farmhouse - 60$ Media Reward",
    "category": [
      "Bleasdale Farmhouse"
    ],
    "requires": "|+1 Photo Camera| AND |+1 Sound Recorder| AND ({YamlDisabled(paramic_logic_med)} OR |+1 Parabolic Microphone|)"
  },
  {
    "name": "Bleasdale Farmhouse - Perfect Investigation",
    "region": "Bleasdale Farmhouse",
    "category": [
      "Bleasdale Farmhouse"
    ],
    "requires": "|+1 Photo Camera| AND |+1 Sound Recorder| AND ({YamlDisabled(paramic_logic_med)} OR |+1 Parabolic Microphone|)"
  },
  {
    "name": "Prison - Main Objective",
    "region": "Prison",
    "category": [
      "Prison"
    ],
    "requires": "({YamlDisabled(paramic_logic_med)} OR |+1 Parabolic Microphone|)"
  },
  {
    "name": "Prison - Optional Objective #1",
    "region": "Prison",
    "category": [
      "Prison"
    ],
    "requires": "({YamlDisabled(paramic_logic_med)} OR |+1 Parabolic Microphone|)"
  },
  {
    "name": "Prison - Optional Objective #2",
    "region": "Prison",
    "category": [
      "Prison"
    ],
    "requires": "({YamlDisabled(paramic_logic_med)} OR |+1 Parabolic Microphone|) AND {hasEquipment(1)}"
  },
  {
    "name": "Prison - Optional Objective #3",
    "region": "Prison",
    "category": [
      "Prison"
    ],
    "requires": "({YamlDisabled(paramic_logic_med)} OR |+1 Parabolic Microphone|) AND {hasEquipment(2)}"
  },
  {
    "name": "Prison - Bone / Survive a Hunt",
    "region": "Prison",
    "category": [
      "Prison"
    ],
    "requires": "({YamlDisabled(paramic_logic_med)} OR |+1 Parabolic Microphone|) AND ({YamlCompare(smudge_logic == 2)} OR (|+1 Incense| AND |+1 Igniter|))"
  },
  {
    "name": "Prison - Ghost Photo",
    "region": "Prison",
    "category": [
      "Prison"
    ],
    "requires": "|+1 Photo Camera| AND ({YamlDisabled(paramic_logic_med)} OR |+1 Parabolic Microphone|)"
  },
  {
    "name": "Prison - Ghost Voice Sound Recording",
    "region": "Prison",
    "category": [
      "Prison"
    ],
    "requires": "|+1 Sound Recorder| AND ({YamlDisabled(paramic_logic_med)} OR |+1 Parabolic Microphone|)"
  },
  {
    "name": "Prison - Use Cursed Object",
    "region": "Prison",
    "category": [
      "Prison"
    ],
    "requires": "({YamlDisabled(cursed_possession_items)} OR (|Ouija Board| OR (|Summoning Circle| AND |+1 Igniter|) OR |Music Box| OR |Cursed Mirror| OR |Voodoo Doll| OR |Monkey's Paw| OR |Tarot Cards|))"
  },
  {
    "name": "Prison - $50+ Media Reward",
    "region": "Prison",
    "category": [
      "Prison"
    ],
    "requires": "|+1 Photo Camera| AND |+1 Sound Recorder| AND ({YamlDisabled(paramic_logic_med)} OR |+1 Parabolic Microphone|)"
  },
  {
    "name": "Maple Lodge Campsite - Main Objective",
    "region": "Maple Lodge Campsite",
    "category": [
      "Maple Lodge Campsite"
    ],
    "requires": "({YamlDisabled(paramic_logic_med)} OR |+1 Parabolic Microphone|)"
  },
  {
    "name": "Maple Lodge Campsite - Optional Objective #1",
    "region": "Maple Lodge Campsite",
    "category": [
      "Maple Lodge Campsite"
    ],
    "requires": "({YamlDisabled(paramic_logic_med)} OR |+1 Parabolic Microphone|)"
  },
  {
    "name": "Maple Lodge Campsite - Optional Objective #2",
    "region": "Maple Lodge Campsite",
    "category": [
      "Maple Lodge Campsite"
    ],
    "requires": "({YamlDisabled(paramic_logic_med)} OR |+1 Parabolic Microphone|) AND {hasEquipment(1)}"
  },
  {
    "name": "Maple Lodge Campsite - Optional Objective #3",
    "region": "Maple Lodge Campsite",
    "category": [
      "Maple Lodge Campsite"
    ],
    "requires": "({YamlDisabled(paramic_logic_med)} OR |+1 Parabolic Microphone|) AND {hasEquipment(2)}"
  },
  {
    "name": "Maple Lodge Campsite - Bone / Survive a Hunt",
    "region": "Maple Lodge Campsite",
    "category": [
      "Maple Lodge Campsite"
    ],
    "requires": "({YamlDisabled(paramic_logic_med)} OR |+1 Parabolic Microphone|) AND ({YamlCompare(smudge_logic == 2)} OR (|+1 Incense| AND |+1 Igniter|))"
  },
  {
    "name": "Maple Lodge Campsite - Ghost Photo",
    "region": "Maple Lodge Campsite",
    "category": [
      "Maple Lodge Campsite"
    ],
    "requires": "|+1 Photo Camera| AND ({YamlDisabled(paramic_logic_med)} OR |+1 Parabolic Microphone|)"
  },
  {
    "name": "Maple Lodge Campsite - Ghost Voice Sound Recording",
    "region": "Maple Lodge Campsite",
    "category": [
      "Maple Lodge Campsite"
    ],
    "requires": "|+1 Sound Recorder| AND ({YamlDisabled(paramic_logic_med)} OR |+1 Parabolic Microphone|)"
  },
  {
    "name": "Maple Lodge Campsite - Use Cursed Object",
    "region": "Maple Lodge Campsite",
    "category": [
      "Maple Lodge Campsite"
    ],
    "requires": "({YamlDisabled(cursed_possession_items)} OR (|Ouija Board| OR (|Summoning Circle| AND |+1 Igniter|) OR |Music Box| OR |Cursed Mirror| OR |Voodoo Doll| OR |Monkey's Paw| OR |Tarot Cards|))"
  },
  {
    "name": "Maple Lodge Campsite - $50+ Media Reward",
    "region": "Maple Lodge Campsite",
    "category": [
      "Maple Lodge Campsite"
    ],
    "requires": "|+1 Photo Camera| AND |+1 Sound Recorder| AND ({YamlDisabled(paramic_logic_med)} OR |+1 Parabolic Microphone|)"
  },
  {
    "name": "Sunny Meadows Restricted - Main Objective",
    "region": "Sunny Meadows Restricted",
    "category": [
      "Sunny Meadows-Restricted",
      "Sunny Meadows Restricted"
    ],
    "requires": "({YamlDisabled(paramic_logic_med)} OR |+1 Parabolic Microphone|)"
  },
  {
    "name": "Sunny Meadows Restricted - Optional Objective #1",
    "region": "Sunny Meadows Restricted",
    "category": [
      "Sunny Meadows-Restricted",
      "Sunny Meadows Restricted"
    ],
    "requires": "({YamlDisabled(paramic_logic_med)} OR |+1 Parabolic Microphone|)"
  },
  {
    "name": "Sunny Meadows Restricted - Optional Objective #2",
    "region": "Sunny Meadows Restricted",
    "category": [
      "Sunny Meadows-Restricted",
      "Sunny Meadows Restricted"
    ],
    "requires": "({YamlDisabled(paramic_logic_med)} OR |+1 Parabolic Microphone|) AND {hasEquipment(1)}"
  },
  {
    "name": "Sunny Meadows Restricted - Optional Objective #3",
    "region": "Sunny Meadows Restricted",
    "category": [
      "Sunny Meadows-Restricted",
      "Sunny Meadows Restricted"
    ],
    "requires": "({YamlDisabled(paramic_logic_med)} OR |+1 Parabolic Microphone|) AND {hasEquipment(2)}"
  },
  {
    "name": "Sunny Meadows Restricted - Bone/Survive a Hunt",
    "region": "Sunny Meadows Restricted",
    "category": [
      "Sunny Meadows-Restricted",
      "Sunny Meadows Restricted"
    ],
    "requires": "({YamlDisabled(paramic_logic_med)} OR |+1 Parabolic Microphone|) AND ({YamlCompare(smudge_logic == 2)} OR (|+1 Incense| AND |+1 Igniter|))"
  },
  {
    "name": "Sunny Meadows Restricted - Ghost Photo",
    "region": "Sunny Meadows Restricted",
    "category": [
      "Sunny Meadows-Restricted",
      "Sunny Meadows Restricted"
    ],
    "requires": "|+1 Photo Camera| AND ({YamlDisabled(paramic_logic_med)} OR |+1 Parabolic Microphone|)"
  },
  {
    "name": "Sunny Meadows Restricted - Ghost Voice Sound Recording",
    "region": "Sunny Meadows Restricted",
    "category": [
      "Sunny Meadows-Restricted",
      "Sunny Meadows Restricted"
    ],
    "requires": "|+1 Sound Recorder| AND ({YamlDisabled(paramic_logic_med)} OR |+1 Parabolic Microphone|)"
  },
  {
    "name": "Sunny Meadows Restricted - Use Cursed Object",
    "region": "Sunny Meadows Restricted",
    "category": [
      "Sunny Meadows-Restricted",
      "Sunny Meadows Restricted"
    ],
    "requires": "({YamlDisabled(cursed_possession_items)} OR (|Ouija Board| OR (|Summoning Circle| AND |+1 Igniter|) OR |Music Box| OR |Cursed Mirror| OR |Voodoo Doll| OR |Monkey's Paw| OR |Tarot Cards|))"
  },
  {
    "name": "Sunny Meadows Restricted - $60 Media Reward",
    "region": "Sunny Meadows Restricted",
    "category": [
      "Sunny Meadows-Restricted",
      "Sunny Meadows Restricted"
    ],
    "requires": "|+1 Photo Camera| AND |+1 Sound Recorder| AND ({YamlDisabled(paramic_logic_med)} OR |+1 Parabolic Microphone|)"
  },
  {
    "name": "Sunny Meadows Restricted - Perfect Investigation",
    "region": "Sunny Meadows Restricted",
    "category": [
      "Sunny Meadows-Restricted",
      "Sunny Meadows Restricted"
    ],
    "requires": "|+1 Photo Camera| AND |+1 Sound Recorder| AND ({YamlDisabled(paramic_logic_med)} OR |+1 Parabolic Microphone|)"
  },
  {
    "name": "Brownstone High School - Main Objective",
    "region": "Brownstone High School",
    "category": [
      "Brownstone High School"
    ],
    "requires": "({YamlDisabled(paramic_logic_large)} OR |+1 Parabolic Microphone|)"
  },
  {
    "name": "Brownstone High School - Optional Objective #1",
    "region": "Brownstone High School",
    "category": [
      "Brownstone High School"
    ],
    "requires": "({YamlDisabled(paramic_logic_large)} OR |+1 Parabolic Microphone|)"
  },
  {
    "name": "Brownstone High School - Optional Objective #2",
    "region": "Brownstone High School",
    "category": [
      "Brownstone High School"
    ],
    "requires": "({YamlDisabled(paramic_logic_large)} OR |+1 Parabolic Microphone|) AND {hasEquipment(1)}"
  },
  {
    "name": "Brownstone High School - Optional Objective #3",
    "region": "Brownstone High School",
    "category": [
      "Brownstone High School"
    ],
    "requires": "({YamlDisabled(paramic_logic_large)} OR |+1 Parabolic Microphone|) AND {hasEquipment(2)}"
  },
  {
    "name": "Brownstone High School - Bone / Survive a Hunt",
    "region": "Brownstone High School",
    "category": [
      "Brownstone High School"
    ],
    "requires": "({YamlDisabled(paramic_logic_large)} OR |+1 Parabolic Microphone|) AND ({YamlCompare(smudge_logic == 2)} OR (|+1 Incense| AND |+1 Igniter|))"
  },
  {
    "name": "Brownstone High School - Ghost Photo",
    "region": "Brownstone High School",
    "category": [
      "Brownstone High School"
    ],
    "requires": "|+1 Photo Camera| AND ({YamlDisabled(paramic_logic_large)} OR |+1 Parabolic Microphone|)"
  },
  {
    "name": "Brownstone High School - Ghost Voice Audio Recording",
    "region": "Brownstone High School",
    "category": [
      "Brownstone High School"
    ],
    "requires": "|+1 Sound Recorder| AND ({YamlDisabled(paramic_logic_large)} OR |+1 Parabolic Microphone|)"
  },
  {
    "name": "Brownstone High School - Use Cursed Object",
    "region": "Brownstone High School",
    "category": [
      "Brownstone High School"
    ],
    "requires": "({YamlDisabled(cursed_possession_items)} OR (|Ouija Board| OR (|Summoning Circle| AND |+1 Igniter|) OR |Music Box| OR |Cursed Mirror| OR |Voodoo Doll| OR |Monkey's Paw| OR |Tarot Cards|))"
  },
  {
    "name": "Brownstone High School - $50+ Media Reward",
    "region": "Brownstone High School",
    "category": [
      "Brownstone High School"
    ],
    "requires": "|+1 Photo Camera| AND |+1 Sound Recorder| AND ({YamlDisabled(paramic_logic_large)} OR |+1 Parabolic Microphone|)"
  },
  {
    "name": "Sunny Meadows - Main Objective",
    "region": "Sunny Meadows",
    "category": [
      "Sunny Meadows"
    ],
    "requires": "({YamlDisabled(paramic_logic_large)} OR |+1 Parabolic Microphone|)"
  },
  {
    "name": "Sunny Meadows - Optional Objective #1",
    "region": "Sunny Meadows",
    "category": [
      "Sunny Meadows"
    ],
    "requires": "({YamlDisabled(paramic_logic_large)} OR |+1 Parabolic Microphone|)"
  },
  {
    "name": "Sunny Meadows - Optional Objective #2",
    "region": "Sunny Meadows",
    "category": [
      "Sunny Meadows"
    ],
    "requires": "({YamlDisabled(paramic_logic_large)} OR |+1 Parabolic Microphone|) AND {hasEquipment(1)}"
  },
  {
    "name": "Sunny Meadows - Optional Objective #3",
    "region": "Sunny Meadows",
    "category": [
      "Sunny Meadows"
    ],
    "requires": "({YamlDisabled(paramic_logic_large)} OR |+1 Parabolic Microphone|) AND {hasEquipment(2)}"
  },
  {
    "name": "Sunny Meadows - Bone / Survive a Hunt",
    "region": "Sunny Meadows",
    "category": [
      "Sunny Meadows"
    ],
    "requires": "({YamlDisabled(paramic_logic_large)} OR |+1 Parabolic Microphone|) AND ({YamlCompare(smudge_logic == 2)} OR (|+1 Incense| AND |+1 Igniter|))"
  },
  {
    "name": "Sunny Meadows - Ghost Photo",
    "region": "Sunny Meadows",
    "category": [
      "Sunny Meadows"
    ],
    "requires": "|+1 Photo Camera| AND ({YamlDisabled(paramic_logic_large)} OR |+1 Parabolic Microphone|)"
  },
  {
    "name": "Sunny Meadows - Ghost Voice Audio Recording",
    "region": "Sunny Meadows",
    "category": [
      "Sunny Meadows"
    ],
    "requires": "|+1 Sound Recorder| AND ({YamlDisabled(paramic_logic_large)} OR |+1 Parabolic Microphone|)"
  },
  {
    "name": "Sunny Meadows - Use Cursed Object",
    "region": "Sunny Meadows",
    "category": [
      "Sunny Meadows"
    ],
    "requires": "({YamlDisabled(cursed_possession_items)} OR (|Ouija Board| OR (|Summoning Circle| AND |+1 Igniter|) OR |Music Box| OR |Cursed Mirror| OR |Voodoo Doll| OR |Monkey's Paw| OR |Tarot Cards|))"
  },
  {
    "name": "Sunny Meadows - $50+ Media Reward",
    "region": "Sunny Meadows",
    "category": [
      "Sunny Meadows"
    ],
    "requires": "|+1 Photo Camera| OR |+1 Sound Recorder| AND ({YamlDisabled(paramic_logic_large)} OR |+1 Parabolic Microphone|)"
  },
  {
    "name": "Video - Interaction",
    "region": "Media Maestro - Videos",
    "category": [
      "Media Maestro",
      "Media - Videos"
    ],
    "requires": []
  },
  {
    "region": "Media Maestro - Videos",
    "name": "Video - Object Thrown",
    "category": [
      "Media Maestro",
      "Media - Videos"
    ],
    "requires": []
  },
  {
    "name": "Video - Door Moved",
    "region": "Media Maestro - Videos",
    "category": [
      "Media Maestro",
      "Media - Videos"
    ],
    "requires": []
  },
  {
    "region": "Media Maestro - Videos",
    "name": "Video - Lights Interaction",
    "category": [
      "Media Maestro",
      "Media - Videos"
    ],
    "requires": []
  },
  {
    "name": "Video - Mist Form",
    "region": "Media Maestro - Videos",
    "category": [
      "Media Maestro",
      "Media - Videos"
    ],
    "requires": []
  },
  {
    "name": "Video - Shadow Ghost",
    "region": "Media Maestro - Videos",
    "category": [
      "Media Maestro",
      "Media - Videos"
    ],
    "requires": []
  },
  {
    "name": "Video - Translucent Ghost",
    "region": "Media Maestro - Videos",
    "category": [
      "Media Maestro",
      "Media - Videos"
    ],
    "requires": []
  },
  {
    "name": "Video - Ghost (Normal form)",
    "region": "Media Maestro - Videos",
    "category": [
      "Media Maestro",
      "Media - Videos"
    ],
    "requires": []
  },
  {
    "name": "Video - Ghost Orbs",
    "region": "Media Maestro - Videos",
    "category": [
      "Media Maestro",
      "Media - Videos"
    ],
    "requires": []
  },
  {
    "name": "Video - Ghost Writing",
    "region": "Media Maestro - Videos",
    "category": [
      "Media Maestro",
      "Media - Videos"
    ],
    "requires": []
  },
  {
    "name": "Video - D.O.T.S. Ghost",
    "region": "Media Maestro - Videos",
    "category": [
      "Media Maestro",
      "Media - Videos"
    ],
    "requires": "|Upgrade D.O.T.S. Projector|"
  },
  {
    "name": "Video - Hunting Ghost",
    "region": "Media Maestro - Videos",
    "category": [
      "Media Maestro",
      "Media - Videos"
    ],
    "requires": " ({YamlCompare(smudge_logic > 0)} OR (|+1 Incense| AND |+1 Igniter|))"
  },
  {
    "name": "Video - Crucifix Burning",
    "region": "Media Maestro - Videos",
    "category": [
      "Media Maestro",
      "Media - Videos"
    ],
    "requires": "|+1 Crucifix|"
  },
  {
    "name": "Video - Fire Interaction/Extinguish",
    "region": "Media Maestro - Videos",
    "category": [
      "Media Maestro",
      "Media - Videos"
    ],
    "requires": "|+1 Firelight| AND |+1 Igniter|"
  },
  {
    "name": "Video - Disturbed Salt",
    "region": "Media Maestro - Videos",
    "category": [
      "Media Maestro",
      "Media - Videos"
    ],
    "requires": "|+1 Salt|"
  },
  {
    "name": "Video - Motion Sensed",
    "region": "Media Maestro - Videos",
    "category": [
      "Media Maestro",
      "Media - Videos"
    ],
    "requires": "|+1 Motion Sensor|"
  },
  {
    "name": "Video - Ouija Board",
    "region": "Media Maestro - Videos",
    "category": [
      "Media Maestro",
      "Media - Videos"
    ],
    "requires": "{YamlDisabled(cursed_possession_items)} OR |Ouija Board|"
  },
  {
    "name": "Photo - Cursed Possession",
    "region": "Media Maestro - Photos",
    "category": [
      "Media Maestro",
      "Media - Photos"
    ],
    "requires": []
  },
  {
    "name": "Photo - Bone",
    "region": "Media Maestro - Photos",
    "category": [
      "Media Maestro",
      "Media - Photos"
    ],
    "requires": []
  },
  {
    "name": "Photo - Object Levitating",
    "region": "Media Maestro - Photos",
    "category": [
      "Media Maestro",
      "Media - Photos"
    ],
    "requires": []
  },
  {
    "name": "Photo - EMF Reading",
    "region": "Media Maestro - Photos",
    "category": [
      "Media Maestro",
      "Media - Photos"
    ],
    "requires": []
  },
  {
    "name": "Photo - Dirty Water",
    "region": "Media Maestro - Photos",
    "category": [
      "Media Maestro",
      "Media - Photos"
    ],
    "requires": []
  },
  {
    "name": "Photo - Mist Form",
    "region": "Media Maestro - Photos",
    "category": [
      "Media Maestro",
      "Media - Photos"
    ],
    "requires": []
  },
  {
    "name": "Photo - Translucent Ghost",
    "region": "Media Maestro - Photos",
    "category": [
      "Media Maestro",
      "Media - Photos"
    ],
    "requires": []
  },
  {
    "name": "Photo - Shadow Ghost",
    "region": "Media Maestro - Photos",
    "category": [
      "Media Maestro",
      "Media - Photos"
    ],
    "requires": []
  },
  {
    "name": "Photo - Ghost (Normal Form)",
    "region": "Media Maestro - Photos",
    "category": [
      "Media Maestro",
      "Media - Photos"
    ],
    "requires": []
  },
  {
    "name": "Photo - D.O.T.S. Ghost",
    "region": "Media Maestro - Photos",
    "category": [
      "Media Maestro",
      "Media - Photos"
    ],
    "requires": []
  },
  {
    "name": "Photo - Freezing Temperatures",
    "region": "Media Maestro - Photos",
    "category": [
      "Media Maestro",
      "Media - Photos"
    ],
    "requires": []
  },
  {
    "name": "Photo - Ghost Writing",
    "region": "Media Maestro - Photos",
    "category": [
      "Media Maestro",
      "Media - Photos"
    ],
    "requires": []
  },
  {
    "name": "Photo - Fingerprints",
    "region": "Media Maestro - Photos",
    "category": [
      "Media Maestro",
      "Media - Photos"
    ],
    "requires": []
  },
  {
    "name": "Photo - Footprints",
    "region": "Media Maestro - Photos",
    "category": [
      "Media Maestro",
      "Media - Photos"
    ],
    "requires": "|+1 Salt|"
  },
  {
    "name": "Photo - Burned Crucifix",
    "region": "Media Maestro - Photos",
    "category": [
      "Media Maestro",
      "Media - Photos"
    ],
    "requires": "|+1 Crucifix|"
  },
  {
    "name": "Sound - Paranormal Talking/Whispering",
    "region": "Media Maestro - Sounds",
    "category": [
      "Media Maestro",
      "Media - Sounds"
    ],
    "requires": []
  },
  {
    "name": "Sound - Paranormal Laughing/Groaning",
    "region": "Media Maestro - Sounds",
    "category": [
      "Media Maestro",
      "Media - Sounds"
    ],
    "requires": []
  },
  {
    "name": "Sound - Possessed Toy/Distorted Music",
    "region": "Media Maestro - Sounds",
    "category": [
      "Media Maestro",
      "Media - Sounds"
    ],
    "requires": []
  },
  {
    "name": "Sound - Mist Form",
    "region": "Media Maestro - Sounds",
    "category": [
      "Media Maestro",
      "Media - Sounds"
    ],
    "requires": []
  },
  {
    "name": "Sound - Ghost Event",
    "region": "Media Maestro - Sounds",
    "category": [
      "Media Maestro",
      "Media - Sounds"
    ],
    "requires": []
  },
  {
    "name": "Sound - EMF 5 Reading",
    "region": "Media Maestro - Sounds",
    "category": [
      "Media Maestro",
      "Media - Sounds"
    ],
    "requires": []
  },
  {
    "name": "Sound - Ghost Writing",
    "region": "Media Maestro - Sounds",
    "category": [
      "Media Maestro",
      "Media - Sounds"
    ],
    "requires": []
  },
  {
    "name": "Sound - Spirit Box Response",
    "region": "Media Maestro - Sounds",
    "category": [
      "Media Maestro",
      "Media - Sounds"
    ],
    "requires": []
  },
  {
    "name": "Sound - Ghost Hunting",
    "region": "Media Maestro - Sounds",
    "category": [
      "Media Maestro",
      "Media - Sounds"
    ],
    "requires": "({YamlCompare(smudge_logic > 0)} OR (|+1 Incense| AND |+1 Igniter|))"
  },
  {
    "name": "Sound - Fire Extinguish",
    "region": "Media Maestro - Sounds",
    "category": [
      "Media Maestro",
      "Media - Sounds"
    ],
    "requires": "|+1 Igniter| AND |+1 Firelight|"
  },
  {
    "name": "Sound - Burned Crucifix",
    "region": "Media Maestro - Sounds",
    "category": [
      "Media Maestro",
      "Media - Sounds"
    ],
    "requires": "|+1 Crucifix|"
  },
  {
    "name": "Sound - Music Box",
    "region": "Media Maestro - Sounds",
    "category": [
      "Media Maestro",
      "Media - Sounds"
    ],
    "requires": "({YamlDisabled(cursed_possession_items)} OR |Music Box|)"
  },
  {
    "name": "Sound - Ouija Board Response",
    "region": "Media Maestro - Sounds",
    "category": [
      "Media Maestro",
      "Media - Sounds"
    ],
    "requires": "({YamlDisabled(cursed_possession_items)} OR |Ouija Board|)"
  },
  {
    "region": "Cursed Quests",
    "name": "Summoning Circle - Light All Candles And Survive",
    "category": [
      "Cursed Quests",
      "Cursed-Quests"
    ],
    "requires": "({YamlDisabled(cursed_possession_items)} OR (|Summoning Circle| AND |+1 Igniter|)) AND ({YamlCompare(smudge_logic != 2)} OR (|+1 Incense| AND |+1 Igniter|))"
  },
  {
    "name": "Summoning Circle - Light All Candles And Take A Photo",
    "region": "Cursed Quests",
    "category": [
      "Cursed Quests",
      "Cursed-Quests"
    ],
    "requires": "({YamlDisabled(cursed_possession_items)} OR (|Summoning Circle| AND |+1 Igniter|)) AND |+1 Photo Camera| AND ({YamlCompare(smudge_logic > 0)} OR (|+1 Incense| AND |+1 Igniter|))"
  },
  {
    "name": "Summoning Circle - Spawn The Ghost On 9 Piles Of Salt",
    "region": "Cursed Quests",
    "category": [
      "Cursed Quests",
      "Cursed-Quests"
    ],
    "requires": "({YamlDisabled(cursed_possession_items)} OR (|Summoning Circle| AND |+1 Igniter|)) AND |+1 Salt:3| AND |Upgrade Salt| AND ({YamlCompare(smudge_logic > 0)} OR (|+1 Incense| AND |+1 Igniter|))"
  },
  {
    "name": "Cursed Mirror - Break The Mirror And Survive",
    "region": "Cursed Quests",
    "category": [
      "Cursed Quests",
      "Cursed-Quests"
    ],
    "requires": "({YamlDisabled(cursed_possession_items)} OR |Cursed Mirror|) AND ({YamlCompare(smudge_logic == 2)} OR (|+1 Incense| AND |+1 Igniter|))"
  },
  {
    "name": "Tarot Cards - Survive Pulling a Full Deck of Tarot Cards",
    "region": "Cursed Quests",
    "category": [
      "Cursed Quests",
      "Cursed-Quests"
    ],
    "requires": "({YamlDisabled(cursed_possession_items)} OR |Tarot Cards|) AND ({YamlCompare(smudge_logic == 2)} OR (|+1 Incense| AND |+1 Igniter|))"
  },
  {
    "name": "Voodoo Doll - Pull The Heart Pin And Survive",
    "region": "Cursed Quests",
    "category": [
      "Cursed Quests",
      "Cursed-Quests"
    ],
    "requires": "({YamlDisabled(cursed_possession_items)} OR |Voodoo Doll|) AND ({YamlCompare(smudge_logic == 2)} OR (|+1 Incense| AND |+1 Igniter|)"
  },
  {
    "name": "Voodoo Doll - Record The Interaction From Pulling A Pin",
    "region": "Cursed Quests",
    "category": [
      "Cursed Quests",
      "Cursed-Quests"
    ],
    "requires": "({YamlDisabled(cursed_possession_items)} OR |Voodoo Doll|)"
  },
  {
    "name": "Music Box - Record Two Media During Singing/Hunting",
    "region": "Cursed Quests",
    "category": [
      "Cursed Quests",
      "Cursed-Quests"
    ],
    "requires": "({YamlDisabled(cursed_possession_items)} OR |Music Box|) AND (|+1 Photo Camera| OR |+1 Sound Recorder|) AND ({YamlCompare(smudge_logic > 0)} OR (|+1 Incense| AND |+1 Igniter|))"
  },
  {
    "name": "Music Box - Survive After The Ghost Stops Singing",
    "region": "Cursed Quests",
    "category": [
      "Cursed Quests",
      "Cursed-Quests"
    ],
    "requires": "({YamlDisabled(cursed_possession_items)} OR |Music Box|) AND ({YamlCompare(smudge_logic == 2)} OR (|+1 Incense| AND |+1 Igniter|))"
  },
  {
    "name": "Music Box - Lure The Ghost Through a Motion Sensor/Salt",
    "region": "Cursed Quests",
    "category": [
      "Cursed Quests",
      "Cursed-Quests"
    ],
    "requires": "({YamlDisabled(cursed_possession_items)} OR |Music Box|) AND (|+1 Salt| OR |+1 Motion Sensor|) AND ({YamlCompare(smudge_logic > 0)} OR (|+1 Incense| AND |+1 Igniter|))"
  },
  {
    "name": "Ouija Board - Ask 'How Did You Die?' And Identify The Ghost",
    "region": "Cursed Quests",
    "category": [
      "Cursed Quests",
      "Cursed-Quests"
    ],
    "requires": "({YamlDisabled(cursed_possession_items)} OR |Ouija Board|)"
  },
  {
    "name": "Ouija Board - Ask 'Where is the bone?' Then Photograph It",
    "region": "Cursed Quests",
    "category": [
      "Cursed Quests",
      "Cursed-Quests"
    ],
    "requires": "({YamlDisabled(cursed_possession_items)} OR |Ouija Board|) AND |+1 Photo Camera|"
  },
  {
    "name": "Ouija Board - Ask 'Are you here?' In The Ghost Room",
    "region": "Cursed Quests",
    "category": [
      "Cursed Quests",
      "Cursed-Quests"
    ],
    "requires": "({YamlDisabled(cursed_possession_items)} OR |Ouija Board|)"
  },
  {
    "name": "Ouija Board - Tell The Ghost A Knock-Knock Joke",
    "region": "Cursed Quests",
    "category": [
      "Cursed Quests",
      "Cursed-Quests"
    ],
    "requires": "({YamlDisabled(cursed_possession_items)} OR |Ouija Board|)"
  },
  {
    "name": "Ouija Board - Survive A Game Of Hide & Seek",
    "region": "Cursed Quests",
    "category": [
      "Cursed Quests",
      "Cursed-Quests"
    ],
    "requires": "({YamlDisabled(cursed_possession_items)} OR |Ouija Board|) AND ({YamlCompare(smudge_logic == 2)} OR (|+1 Incense| AND |+1 Igniter|))"
  },
  {
    "name": "Monkey's Paw - Wish For Knowledge And Identify The Ghost",
    "region": "Cursed Quests",
    "category": [
      "Cursed Quests",
      "Cursed-Quests"
    ],
    "requires": "({YamlDisabled(cursed_possession_items)} OR |Monkey's Paw|)"
  },
  {
    "name": "Monkey's Paw - Wish To See The Ghost And Take A Photo",
    "region": "Cursed Quests",
    "category": [
      "Cursed Quests",
      "Cursed-Quests"
    ],
    "requires": "({YamlDisabled(cursed_possession_items)} OR |Monkey's Paw|) AND |+1 Photo Camera| AND ({YamlCompare(smudge_logic > 0)} OR (|+1 Incense| AND |+1 Igniter|))"
  },
  {
    "name": "Monkey's Paw - Wish To See The Ghost And Survive",
    "region": "Cursed Quests",
    "category": [
      "Cursed Quests",
      "Cursed-Quests"
    ],
    "requires": "({YamlDisabled(cursed_possession_items)} OR |Monkey's Paw|) AND ({YamlDisabled(cursed_possession_items)} OR |Monkey's Paw|) AND ({YamlCompare(smudge_logic == 2)} OR (|+1 Incense| AND |+1 Igniter|))"
  },
  {
    "name": "Monkey's Paw - Change The Weather On A Campsite Map",
    "region": "Cursed Quests",
    "category": [
      "Cursed Quests",
      "Cursed-Quests"
    ],
    "requires": "({YamlDisabled(cursed_possession_items)} OR |Monkey's Paw|) AND (|Camp Woodwind| OR |Maple Lodge Campsite|)"
  },
  {
    "name": "Monkey's Paw - Say 'I wish for anything'",
    "region": "Cursed Quests",
    "category": [
      "Cursed Quests",
      "Cursed-Quests"
    ],
    "requires": "({YamlDisabled(cursed_possession_items)} OR |Monkey's Paw|) AND ({YamlCompare(smudge_logic > 0)} OR (|+1 Incense| AND |+1 Igniter|))"
  },
  {
    "name": "Finale - Light The Chapel's Great Summoning Circle",
    "region": "Cursed Quests",
    "category": [
      "Cursed Quests",
      "Cursed-Quests",
      "Easter Egg"
    ],
    "requires": "(|Sunny Meadows| OR |Sunny Meadows Restricted|) AND |+1 Igniter| AND ({YamlDisabled(cursed_possession_items)} OR (|Summoning Circle| AND |Tarot Cards| AND |Music Box| AND |Cursed Mirror| AND |Voodoo Doll| AND |Ouija Board| AND |Monkey's Paw|))"
  },
  {
    "name": "Nell's Diner - Complete The Ghost In The Machine",
    "region": "Nell's Diner",
    "category": [
      "Nell's Diner",
      "Easter Egg"
    ],
    "requires": []
  },
  {
    "name": "Point Hope - Complete The Ferryman of the Drowned",
    "region": "Point Hope",
    "category": [
      "Point Hope",
      "Easter Egg"
    ],
    "requires": []
  },
  {
    "name": "Maple Lodge Campsite - Take A Photo Of Jason's Mask",
    "region": "Maple Lodge Campsite",
    "category": [
      "Maple Lodge Campsite",
      "Easter Egg"
    ],
    "requires": "|+1 Photo Camera|"
  },
  {
    "name": "Photo - Take A Photo Of Slenderman On A Campsite",
    "region": "Media Maestro - Photos",
    "category": [
      "Media Maestro",
      "Easter Egg",
      "Media - Photos"
    ],
    "requires": "(|Camp Woodwind| OR |Maple Lodge Campsite|)"
  },
  {
    "name": "6 Tanglewood Drive - Take The Potato Back To HQ",
    "region": "6 Tanglewood Drive",
    "category": [
      "6 Tanglewood Drive",
      "Easter Egg"
    ],
    "requires": ""
  },
  {
    "name": "Sunny Meadows - Take The Potato Back To HQ",
    "region": "Misc",
    "category": [
      "Sunny Meadows",
      "Sunny Meadows Restricted",
      "Easter Egg"
    ],
    "requires": "|Sunny Meadows| OR |Sunny Meadows Restricted|"
  },
  {
    "name": "VICTORY (Main Objective on all maps)",
    "victory": true,
    "category": [],
    "requires": "|6 Tanglewood Drive| AND |10 Ridgeview Court| AND |13 Willow Street| AND |42 Edgefield Road| AND |Bleasdale Farmhouse| AND |Camp Woodwind| AND |Grafton Farmhouse| AND |Point Hope| AND |Maple Lodge Campsite| AND |Prison| AND |Brownstone High School| AND |Sunny Meadows| AND {OptOne(Sunny Meadows Restricted)} AND |Nell's Diner|"
  }
]