{
    "$schema": "https://raw.githubusercontent.com/ManualForArchipelago/Manual/main/schemas/Manual.options.schema.json",
    "_comment": "Add a _ before an option name to comment it out and it wont be added to the apworld",
    "core": {
        "goal":{
            "_comment": [
                "Using 'goal' as the name of an option let you override some of the generated goal parameters"
            ],
            "display_name": "The End Objective",
            "description": "How to End your Randomized playthrough.",
            "aliases": {"easiest": 0},
            "hidden": false
        },
        "death_link": {
            "default": false
        },
        "filler_traps": {
            "_comment": "Using values here let you set a 'recommended' filler_trap percentage or even a default percentage",
            "values": {
                "recommended": 20
            }
        }
    },
  "user": {
    "_commented_out_option": {
      "type": "Toggle",
      "default": true
    },
    "_Example_Toggle": {
      "description": [
        "This is a Toggle",
        "A simple boolean, aka True or False set the initial value with \"default\""
      ],
      "type": "Toggle",
      "default": false,
      "group": "Example Options"
    },
    "_Example_Choice": {
      "type": "Choice",
      "description": [
        "This is a Choice",
        "Let the user pick from a list of values",
        "allow_custom_value let a player define their own text value",
        "Currently the only use for Choice in Manual outside of hooks is the goal"
      ],
      "values": {
        "start": 0,
        "test": 1
      },
      "default": 0,
      "allow_custom_value": false,
      "group": "Example Options"
    },
    "_Example_Range": {
      "type": "Range",
      "description": [
        "This is a Range",
        "Allow the player to specify a value between 'start' and 'end'",
        "if you include a \"values\" you can define the label for certain values",
        "Currently the only use for Range in Manual outside of hooks is 'filler_trap'"
      ],
      "range_start": 0,
      "default": 1,
      "range_end": 10,
      "values": { "example": 2 },
      "group": "Example Options"
    },

    "_DLC_enabled": {
      "display_name": "DLC Enabled",
      "description": "Is the Dlc enabled?",
      "type": "Toggle",
      "visibility": [
        "simple_ui",
        "complex_ui",
        "template"
      ],
      "default": true
    },
    "smudge_logic": {
      "type": "Choice",
      "description": [
        "Decides if the player needs incense in-logic for any check that triggers a hunt.",
        "Max makes every check that involves a hunt include incense,",
        "Min makes every check that involves specifically surviving a hunt to require incense,",
        "and None makes no checks require incense."
      ],
      "values": {
        "max": 0,
        "min": 1,
        "none": 2
      },
      "default": 0,
      "allow_custom_value": false,
      "group": "Logic Options"
    },
    "paramic_logic_med": {
      "description": [
        "Decides if checks in Medium maps logically require the Parabolic Microphone for most checks.",
        "Except Point Hope, for obvious reasons"
      ],
      "type": "Toggle",
      "default": false,
      "group": "Logic Options"
    },
    "paramic_logic_large": {
      "description": [
        "Decides if checks in Large maps logically require the Parabolic Microphone for most checks."
      ],
      "type": "Toggle",
      "default": false,
      "group": "Logic Options"
    }

  }

}